{
    "bleu": 42.305941454121275,
    "rouge1": 0.5333333283555556,
    "rouge2": 0.3076923027218935,
    "bertscore": 0.9611130952835083
}