{
    "bleu": 58.636725936863876,
    "rouge1": 0.624999995,
    "rouge2": 0.2857142807142858,
    "bertscore": 0.974911630153656
}