{
    "bleu": 46.30888798553858,
    "rouge1": 0.6666666616888889,
    "rouge2": 0.3076923027218935,
    "bertscore": 0.9660354256629944
}