{
    "bleu": 58.30550675865102,
    "rouge1": 0.5714285665306124,
    "rouge2": 0.33333332847222225,
    "bertscore": 0.9776850938796997
}