{
    "bleu": 38.92789684755285,
    "rouge1": 0.33333332839506175,
    "rouge2": 0.0,
    "bertscore": 0.941395103931427
}