{
    "bleu": 63.91692901236599,
    "rouge1": 0.7058823479584776,
    "rouge2": 0.6666666616888889,
    "bertscore": 0.980333149433136
}