{
    "bleu": 63.04994284156577,
    "rouge1": 0.624999995,
    "rouge2": 0.2857142807142858,
    "bertscore": 0.9804332852363586
}