{
    "bleu": 57.899725237369715,
    "rouge1": 0.37499999500000003,
    "rouge2": 0.14285713785714302,
    "bertscore": 0.9734696745872498
}