{
    "bleu": 50.97226483226482,
    "rouge1": 0.6153846106508877,
    "rouge2": 0.36363635900826446,
    "bertscore": 0.9730122685432434
}