{
    "bleu": 39.870151410923306,
    "rouge1": 0.5882352891349482,
    "rouge2": 0.266666661688889,
    "bertscore": 0.9571257829666138
}